iter	RMSE
0	30587.57428
1	25667.11665
2	23383.94855
3	19573.00374
4	17289.64513
5	15708.77283
6	14296.45913
7	13344.41834
8	13230.86693
9	12006.19117
